{"train": {"loss1": 0.05390877615321766, "recall@1": 0.9794738617810336, "AP": 0.9460912238467823}, "val": {"loss1": 0.07946785749533238, "recall@1": 0.9547916666055337, "AP": 0.9205321425046676}, "_timestamp": 1693909751.5307846, "_runtime": 2299.0290896892548, "_step": 28, "_wandb": {"runtime": 2315}}