{"train": {"loss1": 0.047686265225996054, "recall@1": 0.9801501265743322, "AP": 0.9523137347740039}, "val": {"loss1": 0.053749553568951496, "recall@1": 0.9586038961038961, "AP": 0.9462504464310485}, "_timestamp": 1694403371.3907886, "_runtime": 43951.53203558922, "_step": 105}