{"train": {"loss1": 0.05080752317295518, "recall@1": 0.9773500908252805, "AP": 0.9491924768270448}, "val": {"loss1": 0.05636047194530437, "recall@1": 0.9572849025974026, "AP": 0.9436395280546956}, "_timestamp": 1694357440.8701904, "_runtime": 25865.39762735367, "_step": 79, "_wandb": {"runtime": 26246}}